target_id,prediction,probabilidade
drugbank_target|P19113,0,0.06
drugbank_target|P35228,1,0.7
drugbank_target|P37059,1,0.64
drugbank_target|P06737,0,0.07
drugbank_target|P50213,1,0.84
drugbank_target|Q9P0X4,0,0.03
drugbank_target|P30542,0,0.01
drugbank_target|P00519,1,0.87
drugbank_target|P23219,1,0.5753258596920859
drugbank_target|P12461,1,0.7082735115560763
drugbank_target|P35916,1,0.88
drugbank_target|P02452,0,0.07
drugbank_target|Q9H4B7,0,0.15
drugbank_target|P17948,1,0.78
drugbank_target|Q9UPY5,0,0.09
drugbank_target|P06213,1,0.8154504630928991
drugbank_target|P04049,1,0.76
drugbank_target|P24530,0,0.01
drugbank_target|P20309,0,0.03
drugbank_target|P00734,1,0.7582735115560763
drugbank_target|P14780,1,0.728778723724855
drugbank_target|P21554,0,0.0
drugbank_target|P11836,0,0.15
drugbank_target|P07195,1,0.78
drugbank_target|P24752,0,0.08
drugbank_target|Q07869,0,0.14
drugbank_target|P10912,0,0.11
drugbank_target|P00492,0,0.1
drugbank_target|P28702,0,0.14
drugbank_target|P31358,0,0.07
drugbank_target|Q13639,0,0.0
drugbank_target|P42357,0,0.12
drugbank_target|P14618,1,0.815834127902875
drugbank_target|Q12809,0,0.46242702967676486
drugbank_target|Q969P6,0,0.25
drugbank_target|P11229,0,0.0
drugbank_target|P34972,0,0.058273511556076255
drugbank_target|P35610,0,0.13
drugbank_target|P13688,0,0.2
drugbank_target|P06746,0,0.15
drugbank_target|P06864,0,0.07
drugbank_target|Q05940,1,0.66
drugbank_target|P03372,1,0.5701804277070355
drugbank_target|P08700,1,0.7
drugbank_target|P69905,1,0.75
drugbank_target|P80365,1,0.64
drugbank_target|P10275,0,0.09
drugbank_target|P22888,0,0.09545046309289924
drugbank_target|P49419,1,0.77
drugbank_target|Q8WY07,0,0.08
drugbank_target|P35498,0,0.0
drugbank_target|P07437,1,0.76
drugbank_target|P13631,0,0.11
drugbank_target|P36888,1,0.68
drugbank_target|P51649,1,0.68
drugbank_target|Q9NYK1,0,0.0
drugbank_target|Q99720,0,0.01
drugbank_target|Q02218,1,0.73
drugbank_target|P15692,1,0.78
drugbank_target|P37288,0,0.0
drugbank_target|P49916,0,0.14705540417802
drugbank_target|P08588,0,0.0
drugbank_target|O76074,0,0.3716515507391218
drugbank_target|P20273,0,0.15
drugbank_target|P48637,1,0.76
drugbank_target|P9WGY7,0,0.11
drugbank_target|P45381,1,0.77705540417802
drugbank_target|P14061,1,0.71
drugbank_target|Q14524,0,0.0
drugbank_target|P18858,0,0.16
drugbank_target|P30968,0,0.05
drugbank_target|P09619,1,0.67
drugbank_target|P10826,0,0.04
drugbank_target|P08185,1,0.72
drugbank_target|P37231,0,0.07
drugbank_target|P00742,0,0.15614994853930805
drugbank_target|P16083,1,0.73
drugbank_target|P55157,0,0.08444037955870584
drugbank_target|P10613,1,0.606149948539308
drugbank_target|Q15758,0,0.05
drugbank_target|P20061,0,0.13
drugbank_target|P06858,0,0.11
drugbank_target|P10109,0,0.09
drugbank_target|P10415,0,0.06
drugbank_target|P08912,0,0.02
drugbank_target|P09917,1,0.74
drugbank_target|P00491,0,0.1
drugbank_target|P14679,1,0.73
drugbank_target|P80404,1,0.78705540417802
drugbank_target|Q9Y478,1,0.92
drugbank_target|O76054,0,0.08
drugbank_target|P35354,0,0.46917387553334644
drugbank_target|Q04771,1,0.76
drugbank_target|P00915,0,0.0
drugbank_target|P14207,0,0.08
drugbank_target|P07766,0,0.0
drugbank_target|P01008,1,0.7854504630928993
drugbank_target|Q99624,0,0.0
drugbank_target|P08913,0,0.0
drugbank_target|Q5T1J1,0,0.13
drugbank_target|P08908,0,0.01
drugbank_target|P34897,1,0.8525058672709193
drugbank_target|Q02641,0,0.02
drugbank_target|P04293,0,0.01
drugbank_target|P46098,0,0.0
drugbank_target|P02753,0,0.12
drugbank_target|P10828,0,0.09
drugbank_target|P47872,0,0.01
drugbank_target|Q8IVH4,0,0.07
drugbank_target|P00918,1,0.536079835801311
drugbank_target|P04818,1,0.77
drugbank_target|P23921,0,0.13705540417801998
drugbank_target|P08620,0,0.08905519612985953
drugbank_target|P49286,0,0.0
drugbank_target|P28845,1,0.71
drugbank_target|P00374,1,0.78
drugbank_target|P08709,0,0.13782328454411172
drugbank_target|P02766,1,0.74
drugbank_target|Q9UDX4,0,0.11444037955870584
drugbank_target|Q9BXJ7,0,0.05
drugbank_target|P18825,0,0.0
drugbank_target|P05093,1,0.84
drugbank_target|P0DMS8,1,0.5537555209702083
drugbank_target|Q9UM73,1,0.89
drugbank_target|Q05586,0,0.01
drugbank_target|P43700,1,0.86
drugbank_target|P35968,1,0.73
drugbank_target|Q06203,0,0.1234801946500094
drugbank_target|P47869,0,0.0
drugbank_target|Q02127,1,0.87
drugbank_target|P25103,0,0.01
drugbank_target|P48551,0,0.01
drugbank_target|P41595,0,0.01
drugbank_target|O15399,0,0.06
drugbank_target|P32238,0,0.0
drugbank_target|P11926,0,0.07
drugbank_target|P08173,0,0.0
drugbank_target|Q9GZZ6,0,0.01
drugbank_target|P19793,0,0.06
drugbank_target|O75311,0,0.04
drugbank_target|O15554,0,0.02
drugbank_target|Q13224,0,0.01
drugbank_target|P41143,0,0.018273511556076257
drugbank_target|P00338,1,0.9266020082689667
drugbank_target|P22303,1,0.69
drugbank_target|P31749,1,0.72
drugbank_target|P43702,1,0.76705540417802
drugbank_target|Q13936,0,0.0
drugbank_target|P23415,0,0.43786731196047013
drugbank_target|P10398,0,0.23360242729017253
drugbank_target|P42684,1,0.7482735115560764
drugbank_target|Q14432,0,0.03
drugbank_target|Q96Q40,1,0.733152200278208
drugbank_target|P35367,0,0.01
drugbank_target|P29466,1,0.71
drugbank_target|P28223,0,0.0
drugbank_target|P30872,0,0.03
drugbank_target|P10721,1,0.76
drugbank_target|P31644,0,0.0
drugbank_target|Q96P88,0,0.057055404178019985
drugbank_target|P48169,0,0.03
drugbank_target|Q03154,1,0.7244403795587059
drugbank_target|O43497,0,0.01
drugbank_target|P23975,0,0.05
drugbank_target|P02919,1,0.8888807591174117
drugbank_target|P16473,0,0.01
drugbank_target|P01130,0,0.11
drugbank_target|P35348,0,0.0
drugbank_target|P29762,0,0.09
drugbank_target|P41180,1,0.7
drugbank_target|P02787,1,0.6482735115560763
drugbank_target|P04626,1,0.67
drugbank_target|O94788,1,0.7654504630928991
drugbank_target|P48039,0,0.06
drugbank_target|P20701,0,0.05
drugbank_target|P25101,1,0.65
drugbank_target|P40394,1,0.86
drugbank_target|P34903,0,0.01
drugbank_target|P02768,1,0.78
drugbank_target|P28335,0,0.0
drugbank_target|P22748,0,0.04705540417801998
drugbank_target|P02671,1,0.5927832699481075
drugbank_target|P18405,0,0.07705540417801998
drugbank_target|P04406,1,0.908778723724855
drugbank_target|P09884,0,0.08
drugbank_target|P00352,1,0.7878232845441118
drugbank_target|P06401,0,0.16
drugbank_target|P0A6R0,1,0.77
drugbank_target|O43837,1,0.71
drugbank_target|P08172,0,0.01
drugbank_target|P14778,0,0.13705540417801998
drugbank_target|Q04609,0,0.08392008064429969
drugbank_target|P18089,0,0.0
drugbank_target|P45954,0,0.14
drugbank_target|P04035,1,0.78
drugbank_target|P35368,0,0.01
drugbank_target|Q14534,1,0.67
drugbank_target|P31213,0,0.02
drugbank_target|P02918,1,0.93
drugbank_target|P40925,1,0.87
drugbank_target|P42330,1,0.7
drugbank_target|P12235,1,0.69
drugbank_target|Q08210,1,0.83
drugbank_target|P01619,1,0.8
drugbank_target|P12236,0,0.11
drugbank_target|P15509,0,0.09
drugbank_target|P68871,1,0.75
drugbank_target|P41145,0,0.0
drugbank_target|P15056,1,0.85
drugbank_target|Q8TDS4,0,0.0
drugbank_target|P30085,0,0.14
drugbank_target|P42261,0,0.08705540417801999
drugbank_target|Q8TCU5,0,0.0
drugbank_target|P08253,1,0.71
drugbank_target|Q01959,0,0.06
drugbank_target|P00390,1,0.83
drugbank_target|P14784,0,0.03
drugbank_target|P41439,0,0.16
drugbank_target|P49788,0,0.06
drugbank_target|P01589,0,0.07
drugbank_target|P17181,0,0.02
drugbank_target|P10276,0,0.07545046309289924
drugbank_target|P36896,1,0.78
drugbank_target|P08235,0,0.30827351155607624
drugbank_target|P53985,0,0.03
drugbank_target|P20138,0,0.14705540417802
drugbank_target|Q13131,1,0.96
drugbank_target|Q06432,0,0.0
drugbank_target|P04278,1,0.7168246994708221
drugbank_target|P10827,0,0.05
drugbank_target|O14842,0,0.13
drugbank_target|P05230,1,0.82
drugbank_target|P14902,0,0.12374614197530864
drugbank_target|P07550,0,0.02
drugbank_target|P62942,0,0.19
drugbank_target|Q8NFJ5,0,0.03
drugbank_target|Q05932,1,0.7444403795587058
drugbank_target|P01375,0,0.14782328454411173
drugbank_target|P48443,0,0.05422918681775421
drugbank_target|Q14654,0,0.0
drugbank_target|P05141,0,0.09
drugbank_target|P12314,0,0.17
drugbank_target|P25100,0,0.01
drugbank_target|Q14181,0,0.06
drugbank_target|Q03405,0,0.11705540417801999
drugbank_target|P06729,0,0.24
drugbank_target|O14556,1,0.68705540417802
drugbank_target|P15538,0,0.04
drugbank_target|P05023,0,0.02
drugbank_target|Q99707,1,0.73
drugbank_target|P30536,0,0.04
drugbank_target|Q15822,0,0.04
drugbank_target|P12081,0,0.12
drugbank_target|P11388,1,0.98
drugbank_target|P24228,1,0.96
drugbank_target|P23416,0,0.07703138807322335
drugbank_target|P15121,1,0.8
drugbank_target|P21802,1,0.89
drugbank_target|P31645,0,0.03705540417801998
drugbank_target|P14416,0,0.01
drugbank_target|Q12879,0,0.02
drugbank_target|P20839,1,0.6171542334909684
drugbank_target|Q16445,0,0.0
drugbank_target|P51788,0,0.04
drugbank_target|P00533,1,0.75
drugbank_target|P35372,0,0.03
drugbank_target|P51553,1,0.78705540417802
drugbank_target|Q07912,1,0.8982735115560763
drugbank_target|P47901,0,0.0
drugbank_target|P05546,1,0.8054504630928991
drugbank_target|P14324,0,0.01
drugbank_target|P22033,0,0.16
drugbank_target|P11473,0,0.09149578373672583
drugbank_target|Q09470,0,0.0
drugbank_target|P33527,0,0.01
drugbank_target|Q92731,1,0.5690635766826802
drugbank_target|Q99062,0,0.22
drugbank_target|P04150,0,0.15
drugbank_target|P14867,0,0.0
drugbank_target|P28222,0,0.01
drugbank_target|P0AFI2,1,0.89
drugbank_target|P0AES6,1,0.79
drugbank_target|P0AAI5,0,0.06
drugbank_target|P0A953,0,0.05
drugbank_target|P09211,1,0.88
drugbank_target|P42262,0,0.057055404178019985
drugbank_target|P48058,0,0.02
drugbank_target|P42263,0,0.02
drugbank_target|P12931,1,0.78
drugbank_target|P06241,1,0.72705540417802
drugbank_target|P07947,1,0.73
drugbank_target|P29317,1,0.8454504630928992
drugbank_target|P06239,1,0.74
drugbank_target|P33681,0,0.16
drugbank_target|P43681,0,0.01
drugbank_target|P17787,0,0.0
drugbank_target|P16234,1,0.76
drugbank_target|P07333,1,0.9
drugbank_target|P01031,1,0.74
drugbank_target|P08069,1,0.79
drugbank_target|O95180,0,0.01
drugbank_target|Q02750,1,0.5400347465666251
drugbank_target|Q14289,1,0.77
drugbank_target|P05771,0,0.05433122221031093
drugbank_target|Q16850,0,0.07705540417801998
drugbank_target|P29972,0,0.01
drugbank_target|Q9UKV0,0,0.056285003531662874
drugbank_target|P22102,1,0.7482735115560764
drugbank_target|P16410,0,0.01
drugbank_target|O60427,0,0.058273511556076255
drugbank_target|Q00535,0,0.09
drugbank_target|P51692,0,0.12545046309289926
drugbank_target|P26358,1,0.95
drugbank_target|P10696,0,0.07250586727091923
drugbank_target|O75015,0,0.14
drugbank_target|P20810,1,0.67
drugbank_target|P30044,0,0.14
drugbank_target|P01023,1,0.8
drugbank_target|P51681,0,0.04
drugbank_target|Q99519,1,0.67
drugbank_target|P08581,1,0.69
drugbank_target|P11217,0,0.11
drugbank_target|P05231,0,0.08
drugbank_target|P61073,1,0.67
drugbank_target|P03956,0,0.11
drugbank_target|P02652,1,0.74
drugbank_target|P28482,1,0.99
drugbank_target|P29274,0,0.0
drugbank_target|P02763,0,0.018273511556076257
drugbank_target|P27169,1,0.63
drugbank_target|P02778,0,0.22532891573409625
drugbank_target|O60494,0,0.05
drugbank_target|P98164,0,0.1
drugbank_target|P20333,0,0.06827351155607625
drugbank_target|P01009,1,0.7
drugbank_target|P01133,0,0.14
drugbank_target|P27986,0,0.21
drugbank_target|O75469,1,0.62
drugbank_target|P06730,0,0.17
drugbank_target|P49327,1,0.78
drugbank_target|Q12882,1,0.7
drugbank_target|P10145,0,0.08
drugbank_target|Q04760,0,0.08
drugbank_target|O95831,0,0.12827351155607628
drugbank_target|P45452,0,0.15
drugbank_target|P17936,0,0.06
drugbank_target|P11387,0,0.27
drugbank_target|P16860,0,0.23
drugbank_target|Q9BYF1,0,0.04
drugbank_target|P32418,0,0.027055404178019982
drugbank_target|O14965,1,0.78
drugbank_target|Q16853,0,0.02
drugbank_target|Q00987,1,0.73
drugbank_target|Q03181,0,0.19
drugbank_target|P99999,1,0.88
drugbank_target|P13945,0,0.0
drugbank_target|P62937,1,0.84
drugbank_target|P09038,0,0.29
drugbank_target|P01042,1,0.81
drugbank_target|Q16539,1,0.89
drugbank_target|P03951,1,0.83
drugbank_target|Q8NER1,0,0.14705540417802
drugbank_target|P07359,0,0.07
drugbank_target|P24385,1,0.69
drugbank_target|P48549,0,0.08705540417801999
drugbank_target|P60568,1,0.72
drugbank_target|P48051,0,0.1
drugbank_target|P08183,1,0.61
drugbank_target|P21980,1,0.74
drugbank_target|P26951,0,0.15
drugbank_target|P04629,1,0.79
drugbank_target|P05412,0,0.02
drugbank_target|P11168,0,0.01
drugbank_target|Q96NT5,1,0.74
drugbank_target|P01584,1,0.68
drugbank_target|P01019,1,0.61
drugbank_target|P27361,1,0.7736236418084256
drugbank_target|P49841,1,0.74
drugbank_target|Q9UNQ0,0,0.11
drugbank_target|P04004,1,0.82
drugbank_target|P24941,1,0.74
drugbank_target|P16581,0,0.058778723724854966
drugbank_target|P05164,1,0.72
drugbank_target|P06493,1,0.74
drugbank_target|P19838,0,0.01
drugbank_target|P11413,1,0.78
drugbank_target|P01138,0,0.26
drugbank_target|P53779,1,0.7723438321845448
drugbank_target|P11137,0,0.22
drugbank_target|P15309,0,0.08372397464897549
drugbank_target|P19367,1,0.8
drugbank_target|Q16678,0,0.09
drugbank_target|P16070,0,0.19
drugbank_target|P19320,0,0.05
drugbank_target|P08254,0,0.13
drugbank_target|P02649,1,0.7
drugbank_target|P07900,1,0.7
drugbank_target|P14210,0,0.11
drugbank_target|O75762,0,0.03
drugbank_target|P16870,0,0.09
drugbank_target|Q08345,1,0.8
drugbank_target|P17252,1,0.5736641307142196
drugbank_target|P27815,0,0.01
drugbank_target|P19438,0,0.13
drugbank_target|P00450,1,0.7082735115560763
drugbank_target|P16455,1,0.86
drugbank_target|P48745,0,0.06250586727091922
drugbank_target|P48061,0,0.15827351155607627
drugbank_target|P07204,0,0.1
drugbank_target|O14920,1,0.81
drugbank_target|P05106,0,0.13
drugbank_target|P98170,0,0.13
drugbank_target|P32239,0,0.03
drugbank_target|P16109,0,0.09
drugbank_target|P42574,1,0.66
drugbank_target|P78559,0,0.11
drugbank_target|P07355,1,0.69
drugbank_target|Q9NR96,0,0.03
drugbank_target|P31751,0,0.15
drugbank_target|P00167,0,0.06
drugbank_target|P13726,0,0.08
drugbank_target|P02751,1,0.65
drugbank_target|P22894,0,0.1
drugbank_target|P15559,0,0.17
drugbank_target|Q08257,1,0.89
drugbank_target|Q7Z2W7,0,0.05
drugbank_target|O15530,1,0.74
drugbank_target|P13569,1,0.68
drugbank_target|P25942,0,0.06
drugbank_target|P39900,1,0.62
drugbank_target|P06744,1,0.68
drugbank_target|P22455,0,0.2
drugbank_target|Q99808,1,0.59
drugbank_target|P04040,0,0.06
drugbank_target|P68400,1,0.75
drugbank_target|P02743,1,0.7382735115560763
drugbank_target|P31939,1,0.75
drugbank_target|O75874,1,0.72705540417802
drugbank_target|P68363,0,0.15
drugbank_target|P11309,1,0.7690551961298595
drugbank_target|Q06187,1,0.759890842651605
drugbank_target|Q08499,0,0.0
drugbank_target|P43403,1,0.73
drugbank_target|P48736,1,0.85
drugbank_target|P43405,1,0.9
drugbank_target|Q71U36,1,0.62
drugbank_target|Q08881,1,0.86
drugbank_target|P10724,1,0.7082735115560763
drugbank_target|P41240,1,0.81
drugbank_target|Q9NY65,0,0.15
drugbank_target|P68371,0,0.11
drugbank_target|Q04759,1,0.5691035707848556
drugbank_target|Q9BQE3,0,0.13
drugbank_target|P68366,0,0.08
drugbank_target|Q01693,1,0.77
drugbank_target|P04350,1,0.85
drugbank_target|Q13509,0,0.07
drugbank_target|P08631,1,0.77
drugbank_target|Q27743,1,0.84
drugbank_target|P20035,1,0.73705540417802
drugbank_target|P09871,1,0.63
drugbank_target|P50579,0,0.23
drugbank_target|P9WI81,1,0.75
drugbank_target|P55055,0,0.19
drugbank_target|Q9BY41,1,0.5431280289257223
drugbank_target|P51512,0,0.28
drugbank_target|P14555,1,0.78411080835604
drugbank_target|P25774,1,0.66
drugbank_target|O43570,0,0.11827351155607627
drugbank_target|P09960,1,0.7882735115560763
drugbank_target|P04075,1,0.7554504630928992
drugbank_target|P46925,1,0.6460967961001879
drugbank_target|P00751,1,0.7831660044858996
drugbank_target|P09874,1,0.75
drugbank_target|P07477,0,0.06
drugbank_target|P53355,1,0.76
drugbank_target|Q96RI1,1,0.73
drugbank_target|P09546,0,0.19
drugbank_target|P49759,1,0.9
drugbank_target|P55210,0,0.03
drugbank_target|P0A827,0,0.09
drugbank_target|P52732,0,0.18
drugbank_target|P37173,1,0.75
drugbank_target|P08238,0,0.15
drugbank_target|P00521,1,0.86
drugbank_target|P50613,0,0.1578232845441117
drugbank_target|P0ABP8,0,0.06705540417801999
drugbank_target|P0AEB2,1,0.7499816589640627
drugbank_target|Q99250,0,0.0
drugbank_target|Q9NY46,0,0.0
drugbank_target|Q9UQD0,0,0.0
drugbank_target|O00408,0,0.03
drugbank_target|P62508,0,0.09
drugbank_target|P21964,0,0.14250586727091924
drugbank_target|P11511,0,0.0448786887221317
drugbank_target|P00736,1,0.84
drugbank_target|P02745,0,0.02
drugbank_target|P02746,1,0.5492319253013537
drugbank_target|P02747,0,0.45752662487976636
drugbank_target|P08637,0,0.08
drugbank_target|P12318,0,0.07614994853930805
drugbank_target|P31994,0,0.14
drugbank_target|P31995,0,0.06411080835603997
drugbank_target|P31785,0,0.057055404178019985
drugbank_target|P27797,1,0.728778723724855
drugbank_target|P13727,0,0.16411080835603997
drugbank_target|P32927,0,0.06
drugbank_target|P34741,0,0.06
drugbank_target|Q16270,0,0.07
drugbank_target|P11362,1,0.7444403795587058
drugbank_target|P22607,1,0.78
drugbank_target|P07711,1,0.71
drugbank_target|P35346,0,0.02
drugbank_target|P11216,0,0.08
drugbank_target|Q9Y4U1,0,0.05
drugbank_target|P19971,0,0.09
drugbank_target|O00519,1,0.67
drugbank_target|P27338,1,0.5556837978176169
drugbank_target|P21397,0,0.02
drugbank_target|Q9HBH1,1,0.73705540417802
drugbank_target|P47989,0,0.14
drugbank_target|P50750,0,0.16
drugbank_target|Q00534,0,0.03
drugbank_target|P00813,0,0.12
drugbank_target|P11802,1,0.71
drugbank_target|P48544,0,0.23
drugbank_target|P49336,0,0.12
drugbank_target|P30520,0,0.09
drugbank_target|Q8N142,0,0.04
drugbank_target|O95864,0,0.13
drugbank_target|Q14330,0,0.02
drugbank_target|P36544,0,0.0
drugbank_target|Q9UGM1,0,0.0
drugbank_target|P18505,0,0.01
drugbank_target|P28472,0,0.0
drugbank_target|P47870,0,0.01
drugbank_target|P20618,0,0.1395612714489392
drugbank_target|P28074,0,0.13705540417801998
drugbank_target|P49721,0,0.14
drugbank_target|Q08493,0,0.0
drugbank_target|Q13698,0,0.0
drugbank_target|Q01668,0,0.0
drugbank_target|P20815,0,0.02
drugbank_target|P10635,0,0.12
drugbank_target|Q13547,1,0.5795588425948789
drugbank_target|Q92769,0,0.06315220027820796
drugbank_target|O15379,0,0.01
drugbank_target|Q9UBN7,0,0.02
drugbank_target|Q2M3G0,0,0.07
drugbank_target|P49356,0,0.06705540417801999
drugbank_target|P49354,0,0.11
drugbank_target|Q16665,0,0.06
drugbank_target|P51800,0,0.03
drugbank_target|P42336,0,0.06
drugbank_target|O00459,0,0.14
drugbank_target|Q92569,0,0.12705223528093124
drugbank_target|P78527,0,0.02
drugbank_target|P42345,1,0.64
drugbank_target|Q00653,0,0.0
drugbank_target|P0A0K8,1,0.7561499485393081
drugbank_target|P00441,1,0.54240076407142
drugbank_target|P0AD68,1,0.99
drugbank_target|Q9Y6K9,0,0.04
drugbank_target|P41231,0,0.02
drugbank_target|P08865,1,0.71
drugbank_target|O00329,1,0.72
drugbank_target|P42338,0,0.09
drugbank_target|O60674,1,0.6944403795587059
drugbank_target|P07949,1,0.79
drugbank_target|Q06609,1,0.67
drugbank_target|P43490,0,0.17905519612985954
drugbank_target|P27695,0,0.07
drugbank_target|Q05655,1,0.5813682909235669
drugbank_target|Q02880,1,0.95
drugbank_target|Q69600,0,0.058273511556076255
drugbank_target|P05177,1,0.6
drugbank_target|Q16206,0,0.22
drugbank_target|Q16790,0,0.03
drugbank_target|P35225,0,0.0
drugbank_target|Q8WXI7,0,0.05
drugbank_target|P03952,1,0.72
drugbank_target|O00206,0,0.04
drugbank_target|P32320,0,0.1
drugbank_target|P16422,0,0.08
drugbank_target|O14746,0,0.06
drugbank_target|P31350,0,0.08545046309289925
drugbank_target|P54760,1,0.84
drugbank_target|P48060,0,0.12545046309289926
drugbank_target|P08729,0,0.13
drugbank_target|Q5T4S7,0,0.04
drugbank_target|Q96EB6,0,0.16
drugbank_target|P07237,1,0.76
drugbank_target|P21796,0,0.11705540417801999
drugbank_target|P45880,0,0.11
drugbank_target|Q9Y277,0,0.17
drugbank_target|Q14081,0,0.26
drugbank_target|Q86US8,0,0.31
drugbank_target|Q96KG9,0,0.15545046309289925
drugbank_target|Q15185,1,0.72705540417802
drugbank_target|P04141,0,0.03
drugbank_target|O14936,1,0.7632396363333055
drugbank_target|Q9NQX3,1,0.74
drugbank_target|P94692,0,0.07
drugbank_target|P96965,0,0.05
drugbank_target|O67135,0,0.07
drugbank_target|P27707,0,0.18
drugbank_target|O00244,1,0.64
drugbank_target|Q05397,1,0.87
drugbank_target|P15531,1,0.81
drugbank_target|P49763,0,0.09
drugbank_target|Q8I3X4,1,0.7
drugbank_target|P07360,1,0.7682735115560763
drugbank_target|Q9GPQ4,0,0.15
drugbank_target|Q9RW27,0,0.11
drugbank_target|P30291,1,0.87
drugbank_target|P0A786,0,0.06
drugbank_target|Q9NXA8,0,0.13
drugbank_target|Q7L5Y9,0,0.024440379558705844
drugbank_target|Q86VB7,0,0.08090092618579849
drugbank_target|Q02763,1,0.79
drugbank_target|P04637,1,0.74
drugbank_target|O96017,1,0.668778723724855
drugbank_target|O14757,1,0.74705540417802
drugbank_target|P00403,0,0.07
drugbank_target|Q81ZL8,0,0.18
drugbank_target|Q15759,1,0.89
drugbank_target|O15264,1,0.92
drugbank_target|P05067,1,0.83
drugbank_target|Q6PEY2,0,0.15
drugbank_target|Q9H853,0,0.08411080835603997
drugbank_target|Q5NUL3,0,0.07
drugbank_target|Q13885,0,0.05
drugbank_target|Q9BVA1,0,0.06
drugbank_target|Q9BUF5,1,0.75
drugbank_target|P33151,0,0.15
drugbank_target|Q96GD4,1,0.6554504630928991
drugbank_target|P15328,1,0.6625058672709193
drugbank_target|A1Z199,0,0.05
drugbank_target|O15392,0,0.17
drugbank_target|Q96BI3,0,0.03827351155607626
drugbank_target|Q9NZ42,0,0.06
drugbank_target|Q9GZP0,0,0.12
drugbank_target|Q13443,0,0.25
drugbank_target|Q8NET8,0,0.02
drugbank_target|P55786,1,0.76
drugbank_target|Q92843,0,0.1
drugbank_target|Q92934,0,0.11
drugbank_target|Q96AE4,0,0.18
drugbank_target|P13861,0,0.17
drugbank_target|P10644,0,0.08
drugbank_target|Q13233,1,0.7
drugbank_target|Q02156,1,0.5715712967455435
drugbank_target|P04792,1,0.72
drugbank_target|O14763,0,0.09
drugbank_target|Q02224,0,0.06
drugbank_target|Q15116,0,0.06
drugbank_target|P40238,0,0.2
drugbank_target|Q9NZQ7,0,0.05
drugbank_target|O43653,0,0.12
drugbank_target|Q99527,0,0.0
drugbank_target|P02647,1,0.79
drugbank_target|P01563,0,0.19
drugbank_target|P01024,1,0.81
drugbank_target|P04234,0,0.0
drugbank_target|Q14790,0,0.14827351155607627
drugbank_target|Q9Y6Q6,0,0.08545046309289925
drugbank_target|P40763,1,0.77705540417802
drugbank_target|P06734,0,0.06705540417801999
drugbank_target|Q969F8,0,0.0
drugbank_target|P25963,1,0.83
drugbank_target|Q14956,0,0.1
drugbank_target|P27816,1,0.74
drugbank_target|P28908,0,0.11
drugbank_target|P61812,0,0.02
drugbank_target|P04439,0,0.1
drugbank_target|P01308,1,0.7
drugbank_target|Q9NQ25,0,0.09
drugbank_target|P52333,1,0.7258341279028749
drugbank_target|P17813,0,0.09
drugbank_target|P15391,0,0.2
drugbank_target|P53420,0,0.18
drugbank_target|P10242,0,0.27
drugbank_target|P15941,0,0.05
drugbank_target|P15169,1,0.79
drugbank_target|P22792,1,0.69
drugbank_target|Q16706,0,0.09
drugbank_target|Q12884,0,0.04
drugbank_target|Q07817,0,0.07
drugbank_target|Q07820,0,0.11
drugbank_target|P49674,0,0.07
drugbank_target|P30411,0,0.0
drugbank_target|O14788,0,0.12
drugbank_target|Q9NR97,0,0.08
drugbank_target|P56524,1,0.5465381149821618
drugbank_target|P30874,0,0.0
drugbank_target|P32745,0,0.1
drugbank_target|P05108,0,0.09545046309289924
drugbank_target|Q06278,0,0.1
drugbank_target|P22309,1,0.67
drugbank_target|P19099,0,0.07
drugbank_target|P04798,0,0.04705540417801998
drugbank_target|P05186,0,0.1192295993536429
drugbank_target|P25024,0,0.0
drugbank_target|P46597,0,0.16
drugbank_target|Q92753,0,0.14
drugbank_target|P11678,0,0.09
drugbank_target|P52209,0,0.16705540417801998
drugbank_target|Q8N8N7,0,0.06
drugbank_target|Q9Y5Y4,0,0.02
drugbank_target|P23469,0,0.06877872372485497
drugbank_target|O95749,0,0.07
drugbank_target|P06756,0,0.15
drugbank_target|P0AD65,1,0.9
drugbank_target|Q9Y2I1,0,0.13
drugbank_target|P30926,0,0.0
drugbank_target|P32297,0,0.01
drugbank_target|P30532,0,0.0
drugbank_target|Q15825,0,0.02
drugbank_target|Q05901,0,0.03
drugbank_target|P12104,0,0.16
drugbank_target|Q8N1C3,0,0.0
drugbank_target|Q99928,0,0.02
drugbank_target|P78334,0,0.018273511556076257
drugbank_target|O00591,0,0.0
drugbank_target|Q9UN88,0,0.04
drugbank_target|O14764,0,0.0
drugbank_target|P29034,1,0.75
drugbank_target|Q9NZV8,0,0.007055404178019982
drugbank_target|Q9UK17,0,0.0
drugbank_target|Q16620,1,0.77
drugbank_target|P51857,0,0.19
drugbank_target|P24462,0,0.02
drugbank_target|Q7LG56,0,0.05
drugbank_target|Q07864,0,0.02
drugbank_target|P56282,0,0.023746141975308645
drugbank_target|Q9NR33,0,0.1
drugbank_target|Q9NRF9,0,0.07
drugbank_target|P07451,0,0.03
drugbank_target|P35218,0,0.03
drugbank_target|Q9Y2D0,0,0.03
drugbank_target|P23280,0,0.04827351155607626
drugbank_target|P43166,0,0.026547023112152516
drugbank_target|Q9ULX7,0,0.0
drugbank_target|P21439,0,0.13705540417801998
drugbank_target|Q12908,0,0.09
drugbank_target|Q8TCC7,1,0.7
drugbank_target|P19652,1,0.5526838020808625
drugbank_target|P08506,1,0.8962850035316628
drugbank_target|P09238,0,0.11614994853930806
drugbank_target|P09237,0,0.08
drugbank_target|P24347,0,0.09705540417801999
drugbank_target|P50281,1,0.7954504630928991
drugbank_target|P51511,0,0.22545046309289923
drugbank_target|Q9ULZ9,0,0.16705540417801998
drugbank_target|Q99542,0,0.12
drugbank_target|O60882,0,0.07
drugbank_target|Q8N119,0,0.29
drugbank_target|O75900,0,0.12705540417801997
drugbank_target|Q9Y5R2,0,0.13
drugbank_target|Q9NRE1,0,0.11
drugbank_target|Q9H306,0,0.12
drugbank_target|Q9H239,0,0.16
drugbank_target|Q9UJT1,0,0.14545046309289925
drugbank_target|Q9UJT0,0,0.11
drugbank_target|P23258,0,0.07
drugbank_target|P35869,1,0.68705540417802
drugbank_target|P11474,0,0.14
drugbank_target|P72524,1,0.82705540417802
drugbank_target|P0A4L9,1,0.72
drugbank_target|P72525,1,0.78705540417802
drugbank_target|Q59961,1,0.876149948539308
drugbank_target|Q15788,0,0.15
drugbank_target|Q15596,0,0.09
drugbank_target|P53350,1,0.7744403795587058
drugbank_target|P31151,1,0.74
drugbank_target|P17612,1,0.79
drugbank_target|P45984,1,0.685934620052751
drugbank_target|P11142,1,0.74
drugbank_target|Q13133,0,0.11
drugbank_target|P36897,1,0.848778723724855
drugbank_target|O43293,1,0.74
drugbank_target|Q9UQF2,0,0.22
drugbank_target|P45983,1,0.7969628657685774
drugbank_target|P33981,1,0.7
drugbank_target|Q13554,1,0.84
drugbank_target|P51955,1,0.7
drugbank_target|Q9UGN5,0,0.31
drugbank_target|P62136,0,0.05
drugbank_target|P21281,0,0.06
drugbank_target|P62750,1,0.98
drugbank_target|P39023,1,0.9
drugbank_target|P06310,0,0.09
drugbank_target|O75460,1,0.83
drugbank_target|P25705,1,0.519651998687098
drugbank_target|P60174,1,0.7170554041780199
drugbank_target|Q14994,0,0.06
drugbank_target|P41743,1,0.6081545940592791
drugbank_target|P19784,1,0.78
drugbank_target|P04054,1,0.78
drugbank_target|Q9H169,0,0.09
drugbank_target|Q13627,1,0.82
drugbank_target|Q9H2G2,1,0.81
drugbank_target|P49761,1,0.91
drugbank_target|Q9Y6F1,0,0.28
drugbank_target|P01116,0,0.09
drugbank_target|Q9UQM7,1,0.78705540417802
drugbank_target|Q00536,1,0.83
drugbank_target|Q13557,1,0.7590551961298595
drugbank_target|Q9P289,1,0.74
drugbank_target|P07737,1,0.72
drugbank_target|Q15375,1,0.67
drugbank_target|P23458,1,0.75
drugbank_target|P29597,1,0.88
drugbank_target|Q96NX5,1,0.7870522352809313
drugbank_target|P06396,1,0.8207793788269956
drugbank_target|P23528,1,0.7
drugbank_target|O75116,1,0.8370554041780199
drugbank_target|P06731,0,0.13
drugbank_target|Q89ZI2,0,0.14705540417802
drugbank_target|Q12866,1,0.72
drugbank_target|Q15418,1,0.79
drugbank_target|P13639,0,0.14
drugbank_target|Q16654,0,0.07877872372485496
drugbank_target|P07948,1,0.77705540417802
drugbank_target|Q8IU85,1,0.6431673564499212
drugbank_target|O94768,1,0.69
drugbank_target|Q9NWZ3,1,0.6582735115560763
drugbank_target|O60218,1,0.8
drugbank_target|Q13555,1,0.9
drugbank_target|P80192,1,0.85
drugbank_target|P00558,1,0.88
drugbank_target|P08670,1,0.76
drugbank_target|P22694,1,0.79
drugbank_target|P09382,1,0.77
drugbank_target|P22459,0,0.03
drugbank_target|P37108,1,0.96
drugbank_target|P48735,0,0.13
drugbank_target|P68104,1,0.75
drugbank_target|P50897,0,0.17
drugbank_target|P49411,1,0.75
drugbank_target|P29323,1,0.78
drugbank_target|P49368,1,0.78
drugbank_target|Q16613,0,0.09532891573409624
drugbank_target|P78330,1,0.84
drugbank_target|Q13838,1,0.5918330505820942
drugbank_target|Q9UQB9,1,0.7053289157340963
drugbank_target|Q9UNP4,0,0.06
drugbank_target|O75908,0,0.11
drugbank_target|Q96PD5,1,0.84
drugbank_target|Q96QT4,1,0.6
drugbank_target|Q9UL54,1,0.85
drugbank_target|O15111,1,0.79
drugbank_target|Q99835,0,0.0
drugbank_target|Q99456,0,0.07
drugbank_target|P00748,1,0.75
drugbank_target|P54219,0,0.13
drugbank_target|Q92637,0,0.11
drugbank_target|P0C0L4,0,0.28
drugbank_target|P0C0L5,1,0.73
drugbank_target|Q14542,0,0.04
drugbank_target|P41440,1,0.75
drugbank_target|Q9UQQ2,0,0.17
drugbank_target|P16389,0,0.0
drugbank_target|P22001,0,0.03
drugbank_target|P22460,0,0.03
drugbank_target|P17658,0,0.01
drugbank_target|Q96RP8,0,0.0
drugbank_target|Q16322,0,0.0
drugbank_target|Q14721,0,0.03
drugbank_target|Q92953,0,0.03
drugbank_target|P48547,0,0.02
drugbank_target|Q96PR1,0,0.0
drugbank_target|Q14003,0,0.04
drugbank_target|Q9NSA2,0,0.0
drugbank_target|Q9NYA1,0,0.06
drugbank_target|Q13882,1,0.7454504630928992
drugbank_target|P49765,0,0.09
drugbank_target|P28065,0,0.05
drugbank_target|P40306,0,0.18
drugbank_target|P28062,0,0.16489384489384493
drugbank_target|Q16832,1,0.67
drugbank_target|P42685,1,0.67
drugbank_target|P11274,0,0.19
drugbank_target|P36507,1,0.5192707778695609
drugbank_target|Q9Y2U5,1,0.84
drugbank_target|P20276,1,0.91
drugbank_target|P31639,0,0.04
drugbank_target|Q96SW2,0,0.1764247904719894
drugbank_target|P57059,1,0.79
drugbank_target|Q8NG66,1,0.82
drugbank_target|P53667,1,0.76
drugbank_target|Q9UM01,0,0.07
drugbank_target|Q15303,1,0.83
drugbank_target|P04731,1,0.5355171026934178
drugbank_target|P02795,1,0.5129770509441784
drugbank_target|P01903,0,0.11
drugbank_target|P79483,0,0.09
drugbank_target|P13762,0,0.08
drugbank_target|Q30154,0,0.03705540417801998
drugbank_target|P01911,0,0.06
drugbank_target|P14867,0,0.0
drugbank_target|P47869,0,0.0
drugbank_target|P34903,0,0.01
drugbank_target|P48169,0,0.03
drugbank_target|P31644,0,0.0
drugbank_target|Q16445,0,0.0
drugbank_target|P18505,0,0.01
drugbank_target|P47870,0,0.01
drugbank_target|P28472,0,0.0
drugbank_target|O14764,0,0.0
drugbank_target|P78334,0,0.018273511556076257
drugbank_target|Q8N1C3,0,0.0
drugbank_target|P18507,0,0.0
drugbank_target|Q99928,0,0.02
drugbank_target|O00591,0,0.0
drugbank_target|Q9UN88,0,0.04
drugbank_target|Q05586,0,0.01
drugbank_target|Q12879,0,0.02
drugbank_target|Q13224,0,0.01
drugbank_target|Q14957,0,0.0
drugbank_target|O15399,0,0.06
drugbank_target|Q8TCU5,0,0.0
drugbank_target|O60391,0,0.03
drugbank_target|P23415,0,0.43786731196047013
drugbank_target|P48167,0,0.0
drugbank_target|P08908,0,0.01
drugbank_target|P28222,0,0.01
drugbank_target|P28221,0,0.0
drugbank_target|P28566,0,0.01
drugbank_target|P30939,0,0.0
drugbank_target|P28223,0,0.0
drugbank_target|P41595,0,0.01
drugbank_target|P28335,0,0.0
drugbank_target|P46098,0,0.0
drugbank_target|O95264,0,0.0
drugbank_target|Q8WXA8,0,0.0
drugbank_target|Q70Z44,0,0.01
drugbank_target|A5X5Y0,0,0.0
drugbank_target|Q13639,0,0.0
drugbank_target|P50406,0,0.0
drugbank_target|P34969,0,0.0
drugbank_target|P08588,0,0.0
drugbank_target|P07550,0,0.02
drugbank_target|P13945,0,0.0
drugbank_target|P51812,1,0.8066166756269593
drugbank_target|Q15125,0,0.06
drugbank_target|P02763,0,0.018273511556076257
drugbank_target|P19652,1,0.5526838020808625
drugbank_target|P35348,0,0.0
drugbank_target|P35368,0,0.01
drugbank_target|P25100,0,0.01
drugbank_target|P08913,0,0.0
drugbank_target|P18089,0,0.0
drugbank_target|P18825,0,0.0
drugbank_target|P17252,1,0.5736641307142196
drugbank_target|P05771,0,0.05433122221031093
drugbank_target|Q05655,1,0.5813682909235669
drugbank_target|Q02156,1,0.5715712967455435
drugbank_target|P05129,1,0.6048360985815655
drugbank_target|P41743,1,0.6081545940592791
drugbank_target|Q04759,1,0.5691035707848556
drugbank_target|Q05513,0,0.05
drugbank_target|P35498,0,0.0
drugbank_target|Q9Y5Y9,0,0.0
drugbank_target|Q9UI33,0,0.0
drugbank_target|Q99250,0,0.0
drugbank_target|Q9NY46,0,0.0
drugbank_target|P35499,0,0.0
drugbank_target|Q14524,0,0.0
drugbank_target|Q01118,0,0.02
drugbank_target|Q9UQD0,0,0.0
drugbank_target|Q15858,0,0.0
drugbank_target|Q07699,0,0.03
drugbank_target|O60939,0,0.04
drugbank_target|Q9NY72,0,0.03
drugbank_target|Q8IWT1,0,0.03
drugbank_target|Q00653,0,0.0
drugbank_target|P19838,0,0.01
drugbank_target|Q13131,1,0.96
drugbank_target|P54646,1,0.8382735115560763
drugbank_target|Q9Y478,1,0.92
drugbank_target|O43741,1,0.7354504630928992
drugbank_target|P54619,1,0.92
drugbank_target|Q9UGJ0,1,0.63
drugbank_target|Q9UGI9,1,0.76
drugbank_target|P21397,0,0.02
drugbank_target|P27338,1,0.5556837978176169
drugbank_target|Q23022,0,0.01
drugbank_target|Q9N587,0,0.03487868872213171
drugbank_target|Q27218,0,0.02
drugbank_target|P48181,0,0.02877872372485497
drugbank_target|P20839,1,0.6171542334909684
drugbank_target|P12268,1,0.5961680637424499
drugbank_target|Q9H1R3,1,0.8728537839823659
drugbank_target|Q06AK7,1,0.94
drugbank_target|P11388,1,0.98
drugbank_target|Q02880,1,0.95
drugbank_target|Q05586,0,0.01
drugbank_target|Q12879,0,0.02
drugbank_target|Q13224,0,0.01
drugbank_target|Q14957,0,0.0
drugbank_target|O15399,0,0.06
drugbank_target|Q8TCU5,0,0.0
drugbank_target|O60391,0,0.03
drugbank_target|P10599,1,0.71
drugbank_target|O95718,0,0.08654702311215251
drugbank_target|P63261,1,0.7
drugbank_target|P01876,1,0.67
drugbank_target|P01871,1,0.67
drugbank_target|Q9Y698,0,0.04
drugbank_target|Q92806,0,0.06411080835603997
drugbank_target|O00299,1,0.77705540417802
drugbank_target|P28907,0,0.1
drugbank_target|Q8N907,1,0.7
drugbank_target|P09769,1,0.71
drugbank_target|P36956,0,0.0993895848726136
drugbank_target|Q04206,0,0.08
drugbank_target|P54756,1,0.86
drugbank_target|Q9NYL2,1,0.83
drugbank_target|P25713,0,0.44897711539116536
drugbank_target|Q9C0B1,1,0.76
drugbank_target|Q9Y2T6,0,0.05545046309289924
drugbank_target|Q16555,1,0.7
drugbank_target|P06733,1,0.78
drugbank_target|P29590,0,0.05
drugbank_target|O75340,1,0.7282735115560763
drugbank_target|O14618,1,0.68
drugbank_target|Q14978,0,0.11
drugbank_target|O60502,0,0.08
drugbank_target|P31025,0,0.11
drugbank_target|Q9NY56,0,0.14705540417802
drugbank_target|P46663,1,0.61
drugbank_target|P04279,1,0.73
drugbank_target|O15304,1,0.7382735115560763
drugbank_target|P46939,1,0.66
drugbank_target|Q06830,1,0.87
drugbank_target|Q0VD83,1,0.81
drugbank_target|Q16552,0,0.11
drugbank_target|P0AES4,1,0.87
drugbank_target|P0C1U9,1,0.75
drugbank_target|B4YQT9,1,0.67
drugbank_target|P20831,1,0.76
drugbank_target|Q59192,1,0.8361499485393081
drugbank_target|P05653,1,0.8370554041780199
drugbank_target|C3T8E2,1,0.77
drugbank_target|P04926,0,0.07
drugbank_target|Q13547,1,0.5795588425948789
drugbank_target|Q96DB2,0,0.11
drugbank_target|Q92769,0,0.06315220027820796
drugbank_target|O15379,0,0.01
drugbank_target|P56524,1,0.5465381149821618
drugbank_target|Q9UQL6,0,0.03
drugbank_target|Q9UBN7,0,0.02
drugbank_target|Q8WUI4,0,0.0
drugbank_target|Q9BY41,1,0.5431280289257223
drugbank_target|Q9UKV0,0,0.056285003531662874
drugbank_target|Q969S8,0,0.02
drugbank_target|Q13936,0,0.0
drugbank_target|Q01668,0,0.0
drugbank_target|O60840,0,0.0
drugbank_target|Q13698,0,0.0
drugbank_target|Q02641,0,0.02
drugbank_target|Q08289,0,0.01
drugbank_target|P54284,0,0.02
drugbank_target|O00305,0,0.01
drugbank_target|O00555,0,0.01
drugbank_target|Q96PD7,0,0.01
drugbank_target|P29372,1,0.8
drugbank_target|P05109,1,0.78
drugbank_target|P22626,1,0.83
drugbank_target|P23246,1,0.63
drugbank_target|P12814,1,0.78
drugbank_target|P18669,1,0.64
drugbank_target|P30101,1,0.78
drugbank_target|P04155,0,0.12705540417801997
drugbank_target|P50453,0,0.09705540417801999
drugbank_target|P07288,0,0.1
drugbank_target|P31260,0,0.15545046309289925
drugbank_target|P06702,1,0.71
drugbank_target|O15350,1,0.77
drugbank_target|Q15238,0,0.18705540417802
drugbank_target|Q92570,0,0.1909009261857985
drugbank_target|P32004,0,0.10545046309289924
drugbank_target|Q99623,0,0.22
drugbank_target|P38936,0,0.07
drugbank_target|P00846,0,0.09
drugbank_target|Q14457,0,0.15827351155607627
drugbank_target|O75964,1,0.69
drugbank_target|P61978,1,0.83
drugbank_target|P09493,1,0.72
drugbank_target|Q6V0L0,0,0.03
drugbank_target|P12004,1,0.81
drugbank_target|P04217,1,0.8082735115560763
drugbank_target|P02765,1,0.76
drugbank_target|P06727,1,0.7070554041780199
drugbank_target|P04003,1,0.81
drugbank_target|P07358,1,0.84
drugbank_target|P08603,1,0.73
drugbank_target|P05156,1,0.83
drugbank_target|P10909,1,0.74
drugbank_target|P00739,1,0.82
drugbank_target|P35858,1,0.68
drugbank_target|P19823,1,0.86
drugbank_target|P04264,1,0.81
drugbank_target|P13645,1,0.77
drugbank_target|P35908,1,0.88
drugbank_target|P35527,1,0.78
drugbank_target|P29622,1,0.7
drugbank_target|O14791,1,0.68
drugbank_target|P20851,1,0.62705540417802
drugbank_target|P46736,1,0.71
drugbank_target|P07357,1,0.73
drugbank_target|P81605,1,0.76
drugbank_target|P15924,1,0.66
drugbank_target|P05160,1,0.8
drugbank_target|O75636,1,0.75
drugbank_target|Q86YZ3,1,0.82
drugbank_target|P01599,1,0.75
drugbank_target|P80748,1,0.71
drugbank_target|P19827,1,0.84
drugbank_target|Q06033,1,0.75
drugbank_target|Q14624,1,0.76705540417802
drugbank_target|P01591,1,0.74
drugbank_target|P14923,1,0.87
drugbank_target|P02533,1,0.75
drugbank_target|P08779,1,0.78
drugbank_target|P13647,1,0.80411080835604
drugbank_target|P02538,1,0.81705540417802
drugbank_target|P20742,1,0.75
drugbank_target|P01011,1,0.64
drugbank_target|P51693,1,0.78
drugbank_target|Q06481,1,0.81
drugbank_target|Q92945,1,0.8
drugbank_target|P48047,1,0.5816972166680392
drugbank_target|P21291,1,0.7844403795587058
drugbank_target|P21333,1,0.72
drugbank_target|Q14103,1,0.78
drugbank_target|Q5SSJ5,1,0.89
drugbank_target|P46940,1,0.87
drugbank_target|P06748,1,0.66
drugbank_target|P27635,1,0.94
drugbank_target|P50914,1,0.99705540417802
drugbank_target|Q07020,1,0.97
drugbank_target|P42766,1,0.99
drugbank_target|P36578,1,0.91
drugbank_target|P62277,1,0.97
drugbank_target|P08708,1,0.94
drugbank_target|P62269,1,1.0
drugbank_target|P39019,1,0.98
drugbank_target|P62857,1,0.85
drugbank_target|P46782,1,0.86
drugbank_target|P62753,1,0.9
drugbank_target|P62241,1,0.96
drugbank_target|P46781,1,0.97
drugbank_target|Q15637,1,0.69
drugbank_target|P62316,1,0.92
drugbank_target|Q08170,1,0.79
drugbank_target|P37802,1,0.79
drugbank_target|Q15942,1,0.78
drugbank_target|P47775,0,0.08
drugbank_target|Q02083,0,0.16
drugbank_target|Q9Y5S1,0,0.01
drugbank_target|Q9HBA0,1,0.67
drugbank_target|Q01995,1,0.81
drugbank_target|P35579,1,0.63
drugbank_target|P17844,1,0.85
drugbank_target|Q8I3Z5,1,0.6882735115560763
drugbank_target|Q5R2K6,1,0.9
drugbank_target|Q6LFH8,1,0.7042291868177543
drugbank_target|Q00080,1,0.84
drugbank_target|P13568,1,0.82
drugbank_target|Q8IKW5,1,0.8
drugbank_target|P86287,1,0.78
drugbank_target|Q8IKK7,1,0.848778723724855
drugbank_target|P14223,1,0.81
drugbank_target|C6KT34,1,0.71
drugbank_target|Q8IC05,1,0.8154504630928993
drugbank_target|Q8IKF0,1,0.69
drugbank_target|C6KTA4,1,0.5844403795587059
drugbank_target|C0H4Y6,1,0.7
drugbank_target|Q8IDH5,1,0.74
drugbank_target|Q8II73,1,0.74
drugbank_target|Q8I2Z8,1,0.87
drugbank_target|Q8ILF7,1,0.76
drugbank_target|Q8I0V4,1,0.85
drugbank_target|Q8IJN7,1,0.71
drugbank_target|Q8IKH8,1,0.9582735115560763
drugbank_target|A0A143ZZK9,1,0.74
drugbank_target|P14642,1,0.80705540417802
drugbank_target|P13817,1,0.84
drugbank_target|Q7K6A4,1,0.8354504630928992
drugbank_target|Q8IKR1,1,0.75
drugbank_target|Q8I431,1,0.87
drugbank_target|Q8IDQ9,1,0.78
drugbank_target|O97313,1,0.8
drugbank_target|Q8IJT2,1,0.84
drugbank_target|Q8IJC6,1,0.9
drugbank_target|C0H571,1,0.74
drugbank_target|T1RTG8,1,0.74
drugbank_target|C0H5C2,1,0.97
drugbank_target|Q8I6U8,1,0.89705540417802
drugbank_target|Q08853,1,0.9
drugbank_target|Q76NM6,1,0.76
drugbank_target|Q8I3T9,1,0.94
drugbank_target|Q8I0X2,1,0.71
drugbank_target|Q8IM16,1,0.71
drugbank_target|Q7KQM4,1,0.77
drugbank_target|Q9N623,1,0.72
drugbank_target|C0H4V6,1,0.77
drugbank_target|Q8I5G6,1,0.82
drugbank_target|C6S3C7,1,0.72
drugbank_target|Q7KQL5,1,0.87
drugbank_target|Q8IKM5,1,0.93
drugbank_target|Q8IL86,1,0.67
drugbank_target|Q8IJR6,1,0.74
drugbank_target|Q8I492,1,0.73
drugbank_target|C0H4L1,1,0.57
drugbank_target|Q76NN7,1,0.85
drugbank_target|Q8IB72,1,0.86
drugbank_target|P13827,1,0.7878232845441118
drugbank_target|Q8IDD3,1,0.87
drugbank_target|O77323,1,0.68
drugbank_target|C0H546,1,0.77
drugbank_target|Q8I4R5,1,0.65
drugbank_target|Q8IBN5,1,0.87
drugbank_target|Q8I487,1,0.73
drugbank_target|P50250,1,0.65
drugbank_target|Q8IJA9,1,0.7437461419753086
drugbank_target|Q8IJ60,1,0.69705540417802
drugbank_target|Q8IEN3,1,0.75
drugbank_target|Q8IDP8,1,0.74
drugbank_target|Q8I4W4,1,0.73
drugbank_target|O77361,1,0.91
drugbank_target|C6KSR5,1,0.8
drugbank_target|Q02155,1,0.6923843199121162
drugbank_target|Q8IBI3,1,0.68
drugbank_target|Q8IJ74,1,0.81
drugbank_target|Q8III5,1,0.8
drugbank_target|Q8IHS5,1,0.8
drugbank_target|Q8IDP1,1,0.73
drugbank_target|Q8I5Y3,1,0.8125058672709193
drugbank_target|Q8IEM3,1,0.95
drugbank_target|Q8IE82,1,0.98
drugbank_target|Q8IDI5,1,0.99
drugbank_target|Q8IM15,1,0.6482735115560763
drugbank_target|C0H5H0,1,0.8453413057445044
drugbank_target|Q8ILV2,1,0.94
drugbank_target|Q8IM74,1,0.76
drugbank_target|Q8I5H4,1,0.8354504630928992
drugbank_target|Q8ID50,1,0.91
drugbank_target|Q8IL80,1,0.79
drugbank_target|O96221,1,0.84
drugbank_target|Q8IIJ9,1,0.8882735115560763
drugbank_target|P13830,1,0.85
drugbank_target|Q9TY94,1,0.73
drugbank_target|Q8IBS5,1,0.82
drugbank_target|P38545,1,0.7098567422831883
drugbank_target|Q8IB78,1,0.66
drugbank_target|C0H4X5,1,0.76
drugbank_target|C0H551,1,0.76
drugbank_target|Q8IJK8,1,0.67
drugbank_target|Q8IIR9,1,0.85
drugbank_target|Q8IIA4,1,0.7682735115560763
drugbank_target|Q7KQK0,1,0.89
drugbank_target|Q8IDV0,1,0.74
drugbank_target|Q8IKL4,1,0.63
drugbank_target|Q8ILK3,1,0.99
drugbank_target|Q8ILE8,1,0.92
drugbank_target|Q8IKM6,1,0.85
drugbank_target|Q8IL88,1,0.7682735115560763
drugbank_target|C6KT50,1,0.74
drugbank_target|P36894,0,0.06
drugbank_target|P31391,0,0.06
drugbank_target|Q9HC29,0,0.04
drugbank_target|Q13873,1,0.84
drugbank_target|P22897,0,0.23827351155607626
drugbank_target|Q92911,0,0.01
drugbank_target|O75533,0,0.11
drugbank_target|Q9NYP7,0,0.03
drugbank_target|P62344,1,0.8
drugbank_target|Q9UK32,1,0.81
drugbank_target|Q8NI60,1,0.75
drugbank_target|Q8IY84,1,0.85
drugbank_target|Q9Y6E0,1,0.81
drugbank_target|Q13188,1,0.74
drugbank_target|P42680,1,0.8
drugbank_target|Q9BYT3,1,0.79
drugbank_target|Q8TDR2,1,0.85
drugbank_target|Q9NRP7,1,0.72
drugbank_target|Q15208,1,0.8
drugbank_target|Q9Y2H1,1,0.8682735115560763
drugbank_target|Q9UEW8,1,0.74705540417802
drugbank_target|Q7L7X3,1,0.91
drugbank_target|Q9H2K8,1,0.84
drugbank_target|Q9UHD2,1,0.87
drugbank_target|Q15569,1,0.7837239746489756
drugbank_target|P35590,1,0.79
drugbank_target|Q9UKI8,1,0.86
drugbank_target|Q86UE8,1,0.9
drugbank_target|Q9UKE5,1,0.87
drugbank_target|Q13470,1,0.8186558158102273
drugbank_target|Q59H18,1,0.78
drugbank_target|Q9BXA7,1,0.6
drugbank_target|P42681,1,0.77
drugbank_target|Q06418,1,0.71
drugbank_target|O75385,1,0.79
drugbank_target|Q8IYT8,1,0.79
drugbank_target|Q6PHR2,1,0.77
drugbank_target|Q56UN5,1,0.84
drugbank_target|Q2M2I8,1,0.8153289157340963
drugbank_target|Q96D53,1,0.8
drugbank_target|Q8NFD2,1,0.69
drugbank_target|P30530,1,0.69
drugbank_target|P51451,1,0.74
drugbank_target|Q9NSY1,1,0.9
drugbank_target|O00238,1,0.77
drugbank_target|P51813,1,0.84
drugbank_target|Q14012,1,0.76
drugbank_target|Q8N5S9,1,0.76
drugbank_target|Q96RR4,1,0.85
drugbank_target|P07498,1,0.72
drugbank_target|Q6DT37,1,0.79
drugbank_target|Q00532,1,0.87
drugbank_target|Q92772,1,0.84
drugbank_target|O14578,1,0.81
drugbank_target|P49760,1,0.91
drugbank_target|Q9HAZ1,1,0.88
drugbank_target|P48729,1,0.72
drugbank_target|Q9UIK4,1,0.76
drugbank_target|O15075,1,0.7854504630928991
drugbank_target|Q8N568,1,0.79
drugbank_target|Q9C098,1,0.82
drugbank_target|Q9Y463,1,0.86
drugbank_target|Q9BQI3,1,0.77
drugbank_target|P19525,1,0.84
drugbank_target|Q9P2K8,1,0.93
drugbank_target|P21709,1,0.89
drugbank_target|P29320,1,0.86
drugbank_target|P54764,1,0.95
drugbank_target|Q9UF33,1,0.66
drugbank_target|P29322,1,0.72
drugbank_target|P54762,1,0.81
drugbank_target|O15197,1,0.81
drugbank_target|P16591,1,0.87705540417802
drugbank_target|P07332,1,0.8
drugbank_target|O14976,1,0.76
drugbank_target|P49840,1,0.84
drugbank_target|Q9H2X6,1,0.79
drugbank_target|Q9H422,1,0.76
drugbank_target|Q9UPZ9,1,0.83
drugbank_target|Q14164,1,0.75
drugbank_target|P14616,1,0.67
drugbank_target|P51617,1,0.75
drugbank_target|Q9Y616,1,0.76
drugbank_target|Q9Y2K2,1,0.79
drugbank_target|O95835,1,0.93
drugbank_target|P53671,1,0.89
drugbank_target|Q5S007,1,0.81
drugbank_target|P29376,1,0.71
drugbank_target|P46734,1,0.5878322850510265
drugbank_target|Q13163,1,0.5330933699932775
drugbank_target|P52564,1,0.6233324615654273
drugbank_target|Q02779,1,0.8682735115560763
drugbank_target|Q16584,1,0.83
drugbank_target|Q12852,1,0.86
drugbank_target|O43283,1,0.92
drugbank_target|Q6ZN16,1,0.75
drugbank_target|Q99759,1,0.88
drugbank_target|Q9Y6R4,1,0.86
drugbank_target|O95382,1,0.8132053527173281
drugbank_target|Q92918,1,0.69
drugbank_target|Q12851,1,0.82
drugbank_target|Q8IVH8,1,0.7254504630928993
drugbank_target|O95819,1,0.87
drugbank_target|Q9Y4K4,1,0.82
drugbank_target|Q8TD08,1,0.97
drugbank_target|P31152,1,0.95
drugbank_target|Q13164,1,0.95
drugbank_target|Q8IW41,1,0.72
drugbank_target|Q9P0L2,1,0.79
drugbank_target|Q7KZI7,1,0.87
drugbank_target|P27448,1,0.83
drugbank_target|Q96L34,1,0.83
drugbank_target|Q7Z460,1,0.77
drugbank_target|Q9Y2H9,1,0.81
drugbank_target|P42679,1,0.82
drugbank_target|Q14680,1,0.81
drugbank_target|Q8N4C8,1,0.93
drugbank_target|Q9BUB5,1,0.77
drugbank_target|Q9HBH9,1,0.83
drugbank_target|Q04912,1,0.74
drugbank_target|O15146,1,0.71
drugbank_target|Q15746,1,0.72
drugbank_target|Q32MK0,1,0.77705540417802
drugbank_target|Q86YV6,1,0.7254504630928992
drugbank_target|Q8NEV4,1,0.9
drugbank_target|Q96PY6,1,0.91
drugbank_target|P51956,1,0.74
drugbank_target|P51957,1,0.73
drugbank_target|Q6P3R8,1,0.8
drugbank_target|Q8TD19,1,0.79
drugbank_target|Q16288,1,0.71
drugbank_target|O60285,1,0.86
drugbank_target|Q9H093,1,0.89
drugbank_target|O95747,1,0.75705540417802
drugbank_target|Q13153,1,0.81
drugbank_target|Q13177,1,0.81
drugbank_target|O75914,1,0.85
drugbank_target|O96013,1,0.86705540417802
drugbank_target|Q9NQU5,1,0.82
drugbank_target|Q9P286,1,0.79
drugbank_target|Q00537,1,0.8
drugbank_target|Q16816,1,0.77
drugbank_target|Q9UBF8,1,0.87
drugbank_target|O00750,1,0.86
drugbank_target|O75747,1,0.63
drugbank_target|Q86V86,1,0.75
drugbank_target|P78356,1,0.79
drugbank_target|Q8TBX8,1,0.76
drugbank_target|Q99640,1,0.77
drugbank_target|Q16512,1,0.7544403795587058
drugbank_target|Q16513,1,0.88
drugbank_target|Q9NYY3,1,0.76
drugbank_target|Q9H4B4,1,0.83
drugbank_target|O00444,1,0.7982735115560763
drugbank_target|Q15139,1,0.76
drugbank_target|Q13237,1,0.74
drugbank_target|Q13523,1,0.66
drugbank_target|Q9BRS2,1,0.67
drugbank_target|Q9BVS4,1,0.83
drugbank_target|O14730,1,0.74
drugbank_target|Q13546,1,0.87
drugbank_target|O43353,1,0.82
drugbank_target|P57078,1,0.8
drugbank_target|P08922,1,0.71
drugbank_target|Q52WX2,1,0.68
drugbank_target|P0C264,1,0.73
drugbank_target|Q96BR1,1,0.75705540417802
drugbank_target|Q9H0K1,1,0.77
drugbank_target|Q9NRH2,1,0.88
drugbank_target|Q9H3Y6,1,0.61
drugbank_target|O94804,1,0.89
drugbank_target|O75716,1,0.66
drugbank_target|Q9UEE5,1,0.78
drugbank_target|Q8WU08,1,0.84
drugbank_target|Q15910,0,0.12989084265160508
drugbank_target|O95264,0,0.0
drugbank_target|Q8WXA8,0,0.0
drugbank_target|Q70Z44,0,0.01
drugbank_target|A5X5Y0,0,0.0
drugbank_target|Q9H8P0,0,0.0737239746489755
drugbank_target|P05129,1,0.6048360985815655
drugbank_target|Q99814,0,0.14
drugbank_target|P40259,0,0.01
drugbank_target|O14980,0,0.1
drugbank_target|Q13936,0,0.0
drugbank_target|Q01668,0,0.0
drugbank_target|O60840,0,0.0
drugbank_target|Q13698,0,0.0
drugbank_target|Q02641,0,0.02
drugbank_target|Q08289,0,0.01
drugbank_target|P54284,0,0.02
drugbank_target|O00305,0,0.01
drugbank_target|Q8IAW0,1,0.61705540417802
drugbank_target|Q8IE67,1,0.8
drugbank_target|Q9NPA2,0,0.2
drugbank_target|Q8IXJ6,0,0.11
drugbank_target|P35232,0,0.07
drugbank_target|P51679,0,0.02
drugbank_target|P11532,0,0.17
drugbank_target|Q96NY8,0,0.11
drugbank_target|Q92800,0,0.26
drugbank_target|Q9Y6K1,0,0.18
drugbank_target|P04114,1,0.58
drugbank_target|P02790,1,0.72
drugbank_target|P04196,1,0.8370554041780199
drugbank_target|P00738,1,0.81
drugbank_target|P41238,1,0.82
drugbank_target|Q02383,1,0.79
drugbank_target|P21860,0,0.25
drugbank_target|P09758,0,0.13
drugbank_target|P23743,0,0.03
drugbank_target|Q9Y6T7,0,0.25
drugbank_target|Q16760,0,0.06
drugbank_target|P52429,0,0.1
drugbank_target|Q86XP1,0,0.22
drugbank_target|P49619,0,0.05
drugbank_target|O75912,0,0.22
drugbank_target|Q5KSL6,0,0.13
drugbank_target|P52824,0,0.14
drugbank_target|Q13574,0,0.3
drugbank_target|Q9NXB9,0,0.06
drugbank_target|Q05209,0,0.20705540417801999
drugbank_target|P29350,0,0.16
drugbank_target|Q93050,0,0.05
drugbank_target|Q9Y487,0,0.04
drugbank_target|Q13488,0,0.02
drugbank_target|Q9HBG4,0,0.07
drugbank_target|P27449,0,0.07
drugbank_target|Q99437,0,0.04
drugbank_target|P38606,0,0.02
drugbank_target|P21281,0,0.06
drugbank_target|P15313,0,0.11
drugbank_target|P21283,0,0.08705540417801999
drugbank_target|Q8NEY4,0,0.16705540417801998
drugbank_target|Q9Y5K8,0,0.11
drugbank_target|P61421,0,0.06
drugbank_target|Q8N8Y2,0,0.035450463092899245
drugbank_target|O15342,0,0.06
drugbank_target|P36543,0,0.07411080835603996
drugbank_target|Q96A05,0,0.07
drugbank_target|Q8NHE4,0,0.04
drugbank_target|Q16864,0,0.08
drugbank_target|O75348,0,0.08
drugbank_target|O95670,0,0.27
drugbank_target|Q96LB4,0,0.08
drugbank_target|Q9UI12,0,0.05
drugbank_target|Q15904,0,0.02
drugbank_target|P49662,0,0.08782328454411172
drugbank_target|P54619,1,0.92
drugbank_target|P55211,0,0.14877872372485496
drugbank_target|Q9UBC3,0,0.27
drugbank_target|Q02223,0,0.03
drugbank_target|P0DTD1,0,0.05
drugbank_target|Q05320,0,0.2
drugbank_target|O15123,0,0.13
drugbank_target|Q504U8,0,0.13
drugbank_target|P49238,0,0.04
drugbank_target|P23219,1,0.5753258596920859
drugbank_target|P35354,0,0.46917387553334644
drugbank_target|P49767,0,0.14
drugbank_target|O43915,0,0.05
drugbank_target|P45985,0,0.02
drugbank_target|P32970,0,0.14
drugbank_target|P17181,0,0.02
drugbank_target|P48551,0,0.01
drugbank_target|Q07812,0,0.12
drugbank_target|Q969D9,0,0.13
drugbank_target|P55899,0,0.12
drugbank_target|Q96PD4,0,0.15
drugbank_target|P18627,0,0.1365470231121525
drugbank_target|Q05639,0,0.15545046309289925
drugbank_target|P04234,0,0.0
drugbank_target|P07766,0,0.0
drugbank_target|P09693,0,0.0
drugbank_target|P20963,0,0.03
drugbank_target|P03420,0,0.02
drugbank_target|P25705,1,0.519651998687098
drugbank_target|P06576,0,0.03
drugbank_target|P30049,0,0.05
drugbank_target|P56381,0,0.2
drugbank_target|P36542,0,0.04
drugbank_target|P48047,1,0.5816972166680392
drugbank_target|P49642,0,0.12
drugbank_target|P04085,0,0.04
drugbank_target|P07996,0,0.21705540417802
drugbank_target|P0DMV8,0,0.13
drugbank_target|O00255,0,0.09
drugbank_target|Q9Y243,1,0.79
drugbank_target|P25025,0,0.03
drugbank_target|P01148,0,0.057823284544111724
drugbank_target|P56856,0,0.06
drugbank_target|Q04864,0,0.22532891573409625
drugbank_target|Q9NYJ7,0,0.11
drugbank_target|P55287,0,0.09
drugbank_target|P49768,0,0.02
drugbank_target|P9WGY9,0,0.04
drugbank_target|P49810,0,0.04
drugbank_target|O00418,0,0.07
drugbank_target|O75907,0,0.0
drugbank_target|P0DMV9,0,0.13
drugbank_target|P19338,0,0.21
drugbank_target|P30989,0,0.0
drugbank_target|P49770,0,0.16
drugbank_target|Q01201,0,0.15
drugbank_target|Q14232,0,0.12
drugbank_target|Q6V1X1,0,0.09444037955870584
drugbank_target|Q86TI2,0,0.024440379558705844
drugbank_target|Q8WW43,0,0.04
drugbank_target|Q92542,0,0.05
drugbank_target|P0DP23,1,0.6264569705192349
drugbank_target|P0DP24,1,0.6264569705192349
drugbank_target|P0DP25,1,0.6264569705192349
drugbank_target|P0DPH7,1,0.95
drugbank_target|P0DPH8,1,0.95
